centroide_lat,centroide_lon
-35.0330734347841,-60.2806197287099
-34.8681189984321,-60.3939708823404
-35.068013673391,-60.4025971632697
-35.1243819752343,-60.2200612615259
-35.1096178332808,-60.070551324606
-34.8881255447686,-60.3469385614883
-34.8435329449862,-60.3048498633642
-34.8015580737331,-58.3914677191541
-34.8315415891783,-58.3986874871405
-34.8044759080477,-58.3447825531042
-34.8210751643113,-58.3447457989957
-34.8860114180413,-58.3818301842512
-34.7851442510713,-58.3681475603787
-34.8609450255718,-58.3891476922426
-34.8189583169642,-58.4235610606239
-34.8556895005541,-58.361646542791
-34.7911367513318,-58.350598184222
-34.7866743578473,-58.3219363521574
-34.7673771924196,-58.3432771404358
-34.6750056478488,-58.3105634248142
-34.6626508059016,-58.3656990232718
-34.66910587351,-58.3574544412345
-34.6491266928534,-58.3411774769136
-34.6847637540553,-58.3726025503412
-34.6685497926645,-58.3886029123689
-34.6843716640855,-58.348101313379
-34.6986315148924,-58.3363602646664
-34.7061588356333,-58.3218349208501
-37.1536695670417,-58.4895476662462
-37.2286256057071,-58.7603890048806
-36.8444984439739,-58.5071421689017
-36.5637513540211,-58.5333344196536
-36.5312544192466,-59.9200651844348
-36.7795144970313,-59.8586331707414
-36.3805626332947,-59.5030645507265
-37.3150113247344,-59.9853181679139
-37.2020524773603,-60.1652139181813
-38.7114037284555,-62.2569089501864
-38.7471079502848,-62.1891166907456
-38.7794670416666,-62.262951248824
-38.6472605094596,-62.3200223419024
-38.7765069529222,-62.1851833537179
-38.4838572081944,-61.8926015349487
-38.7136524854986,-62.3924221653991
-37.8482779294345,-58.2551665841248
-37.9412057603,-58.3225920150442
-37.6254980210026,-58.7461862359423
-37.5426353712017,-58.3407185507274
-38.0122838564587,-58.355377761682
-37.8596285282151,-57.9806008736401
-33.8128781547156,-59.5043068852807
-33.9810489198561,-59.6715601606315
-34.062154134736,-59.5585420642846
-33.9096038045591,-59.3882017132282
-34.064591121211,-60.1025564443537
-34.0328240475348,-60.1562270065746
-33.9922765156087,-60.2263211205477
-37.6424111302365,-59.3889380312927
-37.6766410210105,-59.8057677109444
-37.5545120854221,-59.6278461536299
-37.3683686253208,-59.7630391604187
-37.6704778893557,-59.4003533386514
-34.7597493264937,-58.2019645234278
-34.7804201858899,-58.2415010261207
-34.8021192214631,-58.2188212494897
-34.9067557072114,-58.1966995021239
-34.7897594857633,-58.1439692638183
-34.8348420760566,-58.1819061125702
-34.8471945391094,-58.1392765205344
-34.7674201820877,-58.1652686003148
-34.7941468501172,-58.1989815634425
-34.776063416904,-58.2002532983623
-34.8752589900973,-57.8550856662876
-34.9293102150655,-57.8853552505795
-34.9027528834433,-57.9270884333304
-34.8746353679645,-57.8947472316799
-34.9190209219847,-57.7909954962894
-34.9053981881099,-57.9180815078165
-34.8802085383888,-57.8663036732616
-34.8829519743895,-57.8614892695719
-34.8957079362353,-57.9108816644737
-34.891043310448,-57.8963773978494
-34.9308766123633,-57.8468799885622
-34.8838130805,-57.87701595642
-34.9221646298322,-57.8009664840662
-36.0010429767568,-60.8534495072374
-36.3498770527922,-61.2552591224518
-36.5053183545527,-61.0243287245345
-36.5109170215402,-61.5545516558692
-36.2295602208798,-61.1131898679983
-36.4329292363695,-61.4191160192421
-36.6025793254646,-61.3618625494725
-35.2267581272748,-60.4168952837295
-35.118942299763,-60.4879147568209
-35.3233100374631,-60.5217314911689
-34.9067979091956,-60.7597838238054
-34.7718230311122,-60.6916912010278
-35.0797272650156,-60.5928546665185
-35.0615246745825,-60.7060741424473
-35.0699378566803,-60.4084937925362
-35.2375277927366,-60.6115341696178
-34.9098734445057,-60.5381681629003
-35.3615828022139,-58.1504868159157
-35.3145370547125,-58.0484420796345
-35.0335777783556,-58.1935382681817
-35.1050389949725,-58.1835007859607
-35.1030329461442,-58.2730405375653
-35.1149772603157,-58.0953896541907
-35.1690983002919,-58.2373529446643
-35.2139978115731,-58.2433030920635
-35.0693655332834,-58.1656899882306
-35.2802043920968,-58.1996649431989
-35.1842584334678,-57.9479623248001
-35.1499383981993,-58.0504528667351
-35.2206242719966,-58.2805297949826
-34.3160243688815,-58.9784574815339
-34.2530406367633,-58.9584400368589
-34.1639618118269,-58.9588741035355
-34.2934153226239,-58.921199044246
-34.2816770641806,-58.8911906524052
-34.9793768508134,-58.6749430768989
-35.0742486164225,-58.8632420603475
-35.0527140350539,-58.7583856965375
-35.3003271130454,-58.5943053657455
-34.9022941561353,-58.6479010170021
-34.9364563092157,-58.6143957995956
-34.9611839371811,-58.7308918275978
-35.1227364407356,-58.8904871463421
-34.9653526702416,-58.6504979594296
-34.1723674255219,-59.789349139091
-34.1285572110784,-59.9240058312679
-35.9189705554631,-61.5312630222769
-35.7727531397053,-61.3353879836968
-35.623543502046,-61.3653159121918
-35.5249595511909,-61.4378670824782
-35.9277092575349,-61.262290153739
-35.7003907357414,-61.1702865161871
-35.583017649873,-61.5244457086778
-35.4774725641963,-61.4930734927677
-35.8831262095535,-61.1594280439031
-35.6740915009624,-61.5066664301675
-35.4946290260766,-61.5937811081594
-35.3925733302196,-62.4193023144118
-35.4388157700903,-62.7252382146864
-35.6403503028113,-62.1924372294866
-35.3477615165229,-62.2246532791856
-35.1979815144911,-62.7730814064669
-34.3776987251735,-59.8229019801033
-34.4951191416005,-59.8029737383366
-34.4664778301466,-60.0008697422009
-36.091694119436,-57.8071801619355
-36.0570621940227,-57.8235422591576
-35.9760530599951,-57.4487354447874
-33.8978633606345,-61.099560506382
-33.9147838019682,-60.9438081845998
-33.6518963027432,-60.8922239880462
-34.0523353092344,-61.2019040914739
-38.7648159927502,-61.9184051093309
-38.9961963948629,-61.5471990087107
-38.7839402799391,-62.1195194756714
-38.8813527346955,-62.0749536088688
-38.8823547797498,-62.0626706347168
-38.8532242630709,-62.1164752039925
-38.8069001411051,-62.09498539538
-38.6204949120776,-60.8809603426407
-38.9224906889726,-60.5329774471942
-38.7166239148323,-61.2884948879698
-38.6757752787604,-61.0884421797928
-38.7966781095909,-61.0688772134763
-38.5543426342658,-60.6954938748393
-38.7388491145692,-60.6092238150829
-38.6534164106777,-60.8608557685895
-38.7415550885108,-61.5377200112301
-37.9865210556901,-61.3540715661069
-38.3235636030787,-61.4450578127822
-38.2154094275446,-61.3145847771451
-38.3293770967784,-60.8866340266383
-38.44591903663,-61.566096860456
-37.2899615825436,-62.2971682457111
-37.4596224938744,-61.9317530113989
-37.4843018699441,-62.10361959864
-37.6772293087783,-61.7052608546557
-37.0622288209544,-61.9297529087938
-37.2234351404125,-62.1602259170472
-37.5077480260109,-61.9211473085303
-37.5565856774998,-61.872634363442
-37.4891036510029,-61.9252761219778
-38.1345025284944,-61.7885553500206
-34.6131247014799,-59.9005194580559
-34.6429843999409,-60.4701843504346
-34.4575064000002,-60.1801845132051
-34.5854707868254,-60.6986325840689
-34.6086374337309,-60.0677106761007
-35.5739889229165,-58.0680436475186
-35.5743009068199,-58.0005532563664
-35.5466815668936,-58.0013258753826
-35.5404169288645,-58.1349194201315
-35.8748248734085,-57.8964226760932
-35.6282696386352,-58.0145524400059
-34.9660329017519,-60.1236385563996
-34.8980163772726,-60.0188841030321
-34.746060108407,-60.0392314192743
-34.839127302807,-59.8646671984292
-34.9739189538858,-59.8639302070489
-35.0926582854313,-59.7745302971612
-35.0858455213162,-59.9236682591744
-34.9443783815263,-59.7018597369347
-36.5640579804658,-62.1324009778233
-36.8827708539235,-61.4878179060517
-36.6001749213746,-61.7450132654369
-36.6749256386405,-61.9291952273289
-36.307117163487,-62.2003365899
-36.3161215739926,-57.6752657333964
-36.2067284269712,-57.7413707296745
-34.8758485548313,-57.9336298993983
-34.8679770208454,-57.9214379246659
-34.8370461990756,-57.8999620408998
-34.8346689394776,-58.0010481870988
-34.884600148052,-57.9511290255284
-34.3516704130246,-58.7832526742638
-34.3034904902207,-58.7811274560113
-34.428785229178,-58.7361732596546
-34.3790006332322,-58.7303342412363
-34.3285234890863,-58.8506997728362
-34.3688779666182,-58.8402291878847
-34.3964888336318,-58.7629458829717
-34.8849791351051,-58.4778099372334
-34.8304505041023,-58.494869419897
-34.800196435999,-58.4530964052639
-34.8191368630736,-58.4726947603508
-34.7565075768115,-58.4902923509723
-34.3363786908945,-59.1094149717708
-34.2912108668035,-59.1015232724441
-34.288973975279,-59.222781222713
-34.3300736993853,-58.9885651588167
-34.3273003551547,-59.0759905460338
-34.4149477393736,-59.086281182388
-34.3736266959435,-59.139354021597
-34.3581118951493,-59.0310010709452
-34.8128216283518,-58.5521650062885
-34.8962283957338,-58.5087006002723
-34.9338489869515,-58.5780017334776
-34.8536100103068,-58.5195521653909
-34.8503859677023,-58.5558695462288
-34.8851527149847,-58.5700335845498
-34.827580702831,-58.2229120039487
-34.812285887223,-58.2426532633495
-34.7960544308506,-58.2748588953342
-34.8152397261388,-58.3082334245906
-34.8648075260046,-58.2110437322304
-34.8790424725562,-58.2898092496787
-34.8627929258513,-58.2553232274346
-34.8380276482598,-58.2888899071764
-34.8303193176345,-58.2635239901185
-34.9564048574127,-58.2787454299742
-34.9437330109546,-58.2632550914348
-34.6356616332748,-62.4786821321875
-34.846677699169,-62.4671575805384
-34.9522292183733,-62.2174229886622
-38.4348806367321,-58.216863731472
-38.1119335118514,-57.8415353121543
-38.3446881533109,-57.9920393065731
-38.1486545138318,-58.2230121065801
-38.2707429318083,-57.8404714577536
-36.0229384341367,-60.0147935726886
-34.2101542565966,-61.3548577979495
-34.2368758979793,-61.103613881133
-34.2698455922697,-61.2926718130401
-34.1250383813873,-61.132654886464
-34.3044679711077,-61.3056277788216
-34.2608740726731,-60.9685988224111
-34.1068549430168,-61.1317020714357
-35.7694577358026,-58.4944615102033
-35.6733729629116,-58.9582999568816
-36.6431651777017,-57.7905019037041
-36.9489668508723,-58.1035671819428
-37.0062217702401,-57.1417255856769
-36.9967730012079,-57.1374769071298
-37.2503992475804,-61.2595794125711
-37.3607690235166,-61.5348487870647
-37.1980813542863,-61.1220424031557
-37.53362138441,-61.2865750087495
-37.731769903374,-61.3230957170244
-34.8937763345299,-58.9172215319327
-34.9267739074255,-58.9453407851291
-34.7829908276155,-59.1095647693247
-34.7941193667757,-59.0279756935744
-34.8300241949658,-58.9422589402025
-36.4080851872455,-56.9433553335054
-36.7089537726649,-56.7598433617574
-35.6936377582584,-58.447313612508
-35.2747490125694,-58.4041701894263
-35.5173520233652,-58.3184247148653
-35.6776271050909,-58.4350923167562
-34.4162137301573,-61.9280141749282
-34.764155990724,-61.8900674920122
-34.576111833277,-62.0518306894073
-34.5994995308259,-61.9164989081536
-34.7913160212074,-62.2011090686366
-34.5798302278832,-62.1710489234118
-38.0297229162982,-57.7995485049706
-37.9068268303117,-57.7858860640391
-37.9317157840639,-57.683162032898
-38.0086211557001,-57.7085500402678
-38.1757779275595,-57.6513390003209
-38.2369312519788,-57.763418077922
-38.036727731373,-57.7129897398616
-37.9130763908367,-57.552463851894
-37.888665236683,-57.6000121501773
-38.0120914785136,-57.6064947153173
-38.0833774287933,-57.5859350936487
-37.8324145231571,-57.6311155465986
-37.954166706805,-57.7715971022228
-37.8931024789245,-57.8261645643114
-37.9050810135269,-57.7391824086455
-37.9504850690528,-57.7774696627876
-34.6079239021063,-58.950282039134
-34.5497197440161,-58.9467785534585
-34.6764462958288,-58.9704188625706
-34.5601388485008,-58.9182614196703
-34.6278603432415,-58.9532533538878
-34.5673433766504,-58.5843112459936
-34.5751071711249,-58.5745828938046
-34.5796986848297,-58.5420144816587
-34.5416520781805,-58.5959093634496
-34.5904132636755,-58.5530430923958
-34.5422846822324,-58.5583177179822
-34.5905899097986,-58.5396606594168
-34.5796744853293,-58.523036970803
-34.5595169115142,-58.5772769308184
-34.5470506011052,-58.5694391894093
-34.51253320696,-58.5801478288493
-34.553116323608,-58.5669976603922
-34.5612567076697,-58.5553936643491
-34.5433989252454,-58.5755928423118
-34.5507646909435,-58.5284854572959
-34.5383846467918,-58.5491721010066
-34.5253711653351,-58.5802550661988
-34.5474839124216,-58.5750972559389
-34.5846960052521,-58.5623334028073
-34.590146441043,-58.5234377223288
-34.5682131696117,-58.5245451491949
-34.5646397095177,-58.5922548425316
-34.5551356608044,-58.5383771255925
-34.5939487574993,-58.5321739553925
-34.5618730613851,-58.5336624494541
-34.5659932905453,-58.5448069225448
-34.5716953020123,-58.5491073994839
-34.7472686783062,-60.9889526585307
-34.9437720137007,-61.1588643543904
-35.0010365651503,-61.0381497866181
-35.0319914044113,-60.8647685857183
-34.8949208760254,-61.0044538243489
-35.0124666610174,-63.3741563457186
-34.4155054560621,-62.9618553806295
-34.672994561958,-63.3724454840572
-34.7798328261907,-63.1960964862342
-35.0338419886306,-63.0146637107531
-35.0490892294374,-63.1218876844046
-34.5804516676438,-62.3516395240412
-34.771104540922,-62.9846965760316
-34.6921180067125,-62.6957932681386
-34.548335663977,-63.1732728724567
-34.4607916334895,-62.649344456796
-35.2858298200472,-63.3682055476167
-37.0864662845331,-62.5391482291111
-36.7580953396186,-62.5017754084549
-36.5604378772819,-62.5981120377825
-37.0120881308673,-62.4166857296556
-36.80905243808,-62.2451480754422
-36.2994630370091,-61.7178401805261
-36.0883254041477,-61.4112500767203
-34.5930931356257,-58.6357209509749
-34.6123944448227,-58.6538103691925
-34.5815622830288,-58.6583005365543
-34.6440551161203,-58.688489332955
-34.6699430265699,-58.6733044157835
-34.6168695808944,-58.693287500009
-34.480495794913,-58.8042588983994
-34.5211611965464,-58.770881112578
-34.4918483987206,-58.7863780316191
-34.508084406003,-60.8648956546314
-34.4607068571169,-61.067072329925
-34.6606435780718,-61.0183645929666
-34.3467322372427,-61.1310781728463
-34.5838316271397,-60.9472651715327
-34.6564145153102,-60.8466681579607
-34.7245238530675,-61.1553171474145
-34.7608898130707,-60.8419122487126
-34.5752591285936,-61.0747308195452
-36.4883976285615,-56.7004352579533
-36.6552111489067,-56.6949520678334
-36.6627491358367,-56.6817136067571
-36.7468693750233,-56.6852641972249
-36.7065977594674,-56.6904987226994
-36.6874110140403,-56.6841400639982
-36.3532388310754,-56.723944139417
-36.5861168542894,-56.6990062189009
-36.5409111808415,-56.705867443875
-34.7141728890679,-58.5089043765674
-34.7245358500775,-58.5370063768546
-34.7724652485211,-58.6404861634561
-34.7468379962284,-58.5925328858169
-34.7184291570686,-58.577751528605
-34.6870536689657,-58.5256123986254
-34.6656949723622,-58.5331553311677
-34.7132054583486,-58.6258365121679
-34.6523081823718,-58.5592114732944
-34.6881604248706,-58.5626785715398
-34.7108317770604,-58.495008488146
-34.7855336508384,-58.7171850019077
-34.6981156880684,-58.4877575961419
-34.6730866446433,-58.5938792359541
-34.8475213469043,-58.686067635918
-34.6909571502715,-58.3838628492162
-34.7108609216651,-58.3725047463731
-34.6957815314992,-58.416253274019
-34.7302098940207,-58.3561741850066
-34.723808815713,-58.397669711018
-34.672035526127,-58.4134851675076
-35.0794688053886,-58.1393275732941
-35.0345600341406,-57.8440249586726
-35.0103681960184,-58.1151848585184
-35.0261580911328,-58.0959060056615
-35.0300556104917,-57.8865250010855
-34.8907397135389,-58.132711650613
-34.9707544223488,-57.8108950283044
-34.9359594527479,-57.9837630521994
-34.9374880163466,-58.0093954169858
-34.9257210987549,-58.0393403036748
-34.8879382744371,-58.0582328038691
-34.9476175562489,-57.9957432212034
-34.9017817335757,-58.039185928571
-34.8985896635727,-58.0143972026636
-34.9455092438623,-58.0362904746611
-34.9235917717359,-58.0019478733944
-34.920863104693,-57.9540560062469
-34.9976086009747,-58.043377425691
-34.973715513981,-57.9850539062724
-34.8819511933447,-58.0189915342036
-34.8910544941568,-57.9913781921596
-34.9710900774179,-57.9524351288235
-34.9007699307169,-57.9821293495972
-34.8790055541958,-58.081733864461
-34.8776205187118,-58.0907139194439
-34.9406437624757,-57.9214984675578
-34.9986517196678,-57.8404966243711
-34.9634490535296,-57.9025001308298
-34.9830288461923,-57.8674653074052
-34.9520385659845,-57.8409385980167
-34.9437333541431,-58.1732652389706
-37.5467976434903,-60.7970535965801
-37.3263227,-60.9098409
-37.2298626892886,-60.9621658450441
-35.9414440334215,-59.0693547287839
-35.8815483511482,-59.4063369903389
-36.0154969145348,-59.1004659218434
-36.2437580460508,-59.3662916338311
-34.4418003349,-61.8448787838164
-34.6528608747523,-61.5829085058874
-34.3430420274499,-61.5156655267073
-34.4387919326349,-61.8121893821736
-34.5217246234597,-61.391182899484
-34.4973984349932,-61.5453447631479
-34.9846043002155,-61.7729116988591
-34.8710511337121,-61.2895451446375
-34.6966047108596,-61.3250128810539
-35.3913662871435,-61.9949102331933
-35.3321817215807,-61.6140851684372
-35.0882210775847,-61.5163333232822
-35.3649873001768,-61.8055485519284
-34.869042222818,-61.5291649669285
-35.1426386337075,-62.2439028944602
-35.1440875676884,-61.9707859541264
-34.6758379792473,-61.4657087059048
-38.5463782386967,-58.557322112625
-37.9097927118145,-58.9120965943062
-38.165273387122,-58.7822303314999
-38.3962306181995,-58.670580006548
-37.7892829007834,-58.8486476710495
-38.2010112434137,-58.7373143964601
-35.2033088915799,-59.3449562581802
-35.243272141682,-59.4860397931491
-35.2747624905943,-59.1339060011927
-35.1858677983922,-59.0957115706922
-35.3028071422894,-59.1696841440203
-34.7379027155314,-58.440675368556
-34.7946182344111,-58.4320908524909
-34.7627676410061,-58.4267903899666
-34.767486625425,-58.3780461337408
-34.789560716095,-58.4041056486523
-34.7289932955803,-58.4283436419093
-34.7067104032516,-58.4451304500011
-34.4862819813638,-59.2180861330698
-34.5760126891975,-59.0214105976263
-34.5706550661632,-59.109540176033
-34.5607457195455,-59.1700837097016
-34.5590633814317,-59.2044266157478
-34.5806997364467,-59.0582308683017
-34.5646845021423,-59.1320945387741
-34.570714539607,-59.1826103383073
-34.5993969541802,-59.1757636437956
-34.4902656696955,-59.1324863072423
-34.4890162386569,-59.0617361279716
-34.6265041710141,-59.2533805145177
-34.4318215080317,-59.1287739002816
-35.0240363457416,-57.5340253600961
-35.0816834306862,-57.7469762592144
-34.99655185849,-57.7036642458572
-35.0806853032506,-57.5172585839912
-35.1799267057869,-57.651986019808
-35.269568396303,-57.5757117447539
-37.0860540989,-57.8285752273883
-36.8648514645038,-57.8829166198472
-36.7137597811284,-57.5860126519926
-34.4544550576034,-58.7062417407487
-34.4869935800875,-58.7286750953502
-34.5004325972609,-58.6618050648717
-34.4790933125467,-58.6989741628196
-34.5078746726212,-58.7013439131882
-34.4746661471823,-58.7513344097631
-34.5061507591135,-58.6793063506777
-37.452214188593,-57.7299500229319
-37.2778606745914,-57.7740148170475
-37.774854850113,-57.6351210747907
-37.7462581727647,-57.4274479339348
-37.7697388275396,-57.450820092514
-37.7834384978567,-57.4647863685704
-37.7768000427976,-57.455658983424
-37.8505519250944,-57.5134595632837
-37.8224325083139,-57.4974692762018
-37.857770246553,-57.5154242437478
-37.8730952780707,-57.5218898754931
-37.834833606977,-57.5079487213859
-37.8649003626945,-57.5169016362882
-37.6627994476991,-57.6670967441538
-34.953080822173,-58.78292863718
-34.854330073065,-58.7844436414942
-34.7965436888808,-58.8778211205753
-34.6029546709308,-59.288213732192
-34.652429281715,-59.3523186300108
-34.6521715354886,-59.4295981722689
-34.698955554941,-59.3194428313109
-34.7085422423529,-58.6795867252566
-34.7154808073462,-58.7976740413845
-34.6823277014068,-58.7436432079669
-34.7467959489481,-58.7060431536772
-34.6698581359268,-58.697930436646
-35.2825062106661,-58.8042619084922
-35.4391643240479,-58.8094598355672
-35.5447734044526,-58.8855911917932
-38.995357691335,-61.2152015930805
-38.9815065384254,-61.3005457486605
-34.5586595722532,-58.8163010886698
-34.6073137077479,-58.859942785434
-34.6452391234366,-58.8380252692761
-34.637632238148,-58.7921362740593
-34.6353876829627,-58.7503180890016
-34.5941439978594,-58.7557346559769
-34.6644131034283,-58.6456427123911
-34.617707172718,-58.601533043415
-34.6440661183216,-58.5978176171897
-34.6652227151167,-58.6190557007973
-34.6346596523214,-58.5715757135423
-34.9232643360691,-59.5422519447044
-35.0539263781559,-59.5131011825281
-35.0036066018879,-59.2774163163898
-35.0782490606759,-59.651945539681
-37.8918269607856,-59.2866977775565
-38.5580125335608,-59.3364566671065
-38.0091787783017,-59.2634988347821
-38.5711702285697,-58.7702419838751
-38.5375051784084,-58.6952024694735
-38.5589732600706,-58.6585544269181
-38.2846361959919,-59.202754253612
-38.4503897333336,-59.3311154416146
-35.2929819536873,-61.4072542128
-35.239499381663,-60.8251358750153
-35.607730780146,-60.9182929927645
-35.6511928511123,-60.7098962799094
-35.4079467934432,-61.2105668204871
-35.5201414507378,-60.9989487976537
-35.3462662593318,-60.7453446826815
-35.5563880098445,-60.5605940553161
-35.5357392707567,-60.7928143632315
-35.4447435053964,-60.8843433362719
-35.4395526972374,-60.7174384712323
-35.4989239490928,-60.8647207106461
-36.5328887082639,-60.8824549132602
-36.8641370257955,-60.0816424704
-36.9495659791886,-60.1108954083182
-36.4122732396335,-60.6730694647
-36.8805120719062,-60.1771940245473
-36.8800694499223,-60.1780552970611
-36.8758995951211,-60.1473196906487
-36.8920935788859,-60.3180046559577
-36.6515016172821,-61.0845040269815
-37.1289653693521,-60.4099303899854
-36.843238222524,-60.2234271381196
-36.9225238148372,-60.2157925414657
-36.9436605372421,-60.1578271825148
-36.9802714637124,-60.2790828437139
-36.9903632120511,-60.3108081181748
-40.5602246137406,-62.2380643077459
-40.6522000086693,-62.7575972084464
-40.797298324401,-62.984754269904
-40.4363643935514,-62.5449343513868
-39.5993801239416,-62.6510470779021
-40.1854869993736,-62.6205163469862
-39.9151387867695,-62.6188702678852
-35.913692884071,-62.2240579143551
-35.7327373193414,-61.7439272931387
-35.8483065194137,-62.0693918423117
-35.7184196474894,-62.1142777365421
-35.8524740557321,-62.2962123802194
-36.0846707903374,-61.7254747841859
-36.2301776476091,-62.0069944091925
-35.9199117438484,-61.8133995164977
-35.8123030689596,-61.8988207561037
-35.7137365347985,-61.6477830181101
-36.2065730139324,-63.0761554731554
-36.3416806655424,-63.2611533171506
-36.2697352282386,-63.1652861097017
-33.755665348987,-60.4408373865386
-33.9138392371386,-60.4628650932084
-33.6745849638169,-60.4006865938611
-33.8322767381075,-60.4864895356948
-33.9263378592898,-60.3829034809436
-33.7347851403163,-60.1701773086428
-33.7647232673599,-60.6492429333859
-33.7090270411103,-60.5842599045876
-33.9149979004605,-60.8383550657724
-33.8949900563191,-60.5716400794952
-33.9947211174052,-60.7316480040989
-34.0303722475767,-60.5042327001336
-33.6647037443081,-60.7084372635626
-34.0906695795004,-60.4162716627136
-36.3181419923689,-58.5525025522873
-36.0014746137723,-58.1427778873885
-34.4494009456502,-58.8009119728306
-34.4072575836787,-58.974691291144
-34.4448149403448,-58.8393730861805
-34.4250028270043,-58.7950003996087
-34.452630932571,-59.0136606624887
-34.5287308766458,-58.8775995091498
-34.410617254736,-58.7821701089413
-34.4663318396358,-58.9227197887079
-34.4928616935261,-58.8416985218723
-34.4369652784326,-58.7669941785147
-34.4366914158447,-58.7573470164393
-34.4578061717121,-58.76209072062
-34.4858983446269,-58.8768335703823
-34.4077327133185,-58.8539345779841
-34.3657182841794,-58.893696088678
-37.1641593745618,-56.9027914378095
-37.1300477581888,-56.8833984697828
-37.0777448860202,-56.8437227435213
-37.1445557771803,-56.890291998877
-34.886197581853,-58.41733483734
-34.9230592108536,-58.3650272662643
-37.7017920523646,-62.9006764415683
-37.8028181597411,-63.0425144041162
-37.6857562622736,-63.1595663902141
-37.9086924428976,-62.9360284730803
-38.1080950084855,-62.9129041375994
-38.005992834739,-62.8186936682637
-38.1171190117962,-62.7254849373447
-37.542613502113,-62.7652275731166
-38.2995183581309,-62.9821877089624
-37.3905464925651,-62.8051325654187
-38.1693097057753,-63.2320511809102
-35.3227800092544,-57.4490768504218
-35.53126706917,-57.3285887617048
-35.2808352898089,-57.2360072391524
-35.3881552142501,-57.3371601623743
-34.700378406023,-58.2766427817003
-34.7269644246033,-58.3182795621594
-34.7032130159372,-58.2984533178872
-34.7435644425127,-58.2281408361207
-34.7634442077448,-58.2638314351646
-34.7241344748224,-58.2492205541766
-34.7477989892391,-58.2999440151876
-34.7777730726874,-58.3101561253692
-34.7688841339243,-58.2957092489115
-33.5679152654445,-59.9791123483107
-33.6366100825527,-59.9895563465816
-33.7674497804832,-60.0927343667154
-33.4877021169888,-60.0072209741607
-33.4352672179447,-60.1451316522293
-33.502293213764,-60.0650138035308
-36.7755035485732,-59.0871114029954
-35.4903412429492,-62.9763759840765
-35.7048848499519,-63.0230332752501
-35.5576529256075,-63.3815800402317
-35.8703867348478,-63.3742010687724
-35.8466320155134,-63.2898118317476
-35.5118022821456,-63.1882154861262
-35.2750295400617,-63.2135436741919
-35.7656416636683,-63.1386100973601
-34.1544387870912,-61.0128711169321
-34.0381002651925,-60.8685264174218
-34.3735696107802,-60.6523710265627
-34.3588132488617,-60.7845693256007
-34.0876515179763,-60.6672564006968
-34.1961600446015,-60.7332636467146
-34.1932374145653,-60.6820264999894
-34.1872292263523,-60.7179411923956
-34.1707175989305,-60.7438336816558
-34.2689448512236,-60.8717773420981
-33.9159508805463,-60.9379380238883
-35.4854690457283,-59.1017155978911
-35.4016375824204,-59.3346857845207
-37.512917973477,-62.3116837747426
-37.9769152091143,-62.3326095560459
-37.9428223013646,-62.284864272698
-37.3604343942367,-62.4297386825705
-37.7192518502325,-62.6071296330023
-38.0361082716296,-62.4704140736323
-37.6063896033626,-62.4057728759143
-37.7636402199499,-62.3506328041255
-35.6391609182127,-59.6292383440582
-35.576803202395,-59.6645037628687
-35.5127172285926,-59.5158202035334
-35.593907231155,-59.5079734849201
-35.6404298805989,-59.7790589845354
-34.1024332833136,-60.4061551794069
-34.3987726587976,-60.2605725409335
-34.3380744009945,-60.0992736191527
-34.3994163305262,-60.5436825925267
-34.2687422037239,-60.3853645216588
-34.2921598652878,-60.2546244496406
-36.5689908284906,-63.0876229573465
-36.7511653813281,-62.9599573443115
-34.3637910907784,-59.3745991110996
-34.4460870678,-59.3622553297801
-34.6103908719397,-59.6301795182439
-34.4459080814748,-59.4451673563949
-34.2989712949513,-59.3250547278241
-34.5066814044811,-59.3372661316763
-34.4352021828488,-59.260395880426
-34.2071973030208,-59.6357055338083
-34.2503763113877,-59.4708634797005
-34.1237740718192,-59.4313725724126
-38.7481815016452,-59.429204589717
-38.3598244506044,-59.7935349347064
-38.346970946847,-59.6063826058006
-34.4473601745411,-58.5690015916776
-34.4619820050413,-58.5595970877081
-34.4636240092728,-58.5761941633194
-34.4794018120083,-58.5074043996961
-34.4674159462571,-58.5400343502635
-34.4983312888498,-58.5700137209729
-34.4944230772436,-58.5105732755943
-34.4770412162141,-58.52719519996
-34.5151197673508,-58.5457579220177
-34.5751401519414,-58.6960409885544
-34.5346818189868,-58.6513860167431
-34.5557351629874,-58.7080227572424
-34.5536228677773,-58.7347875195953
-33.5962124822607,-60.3541264450858
-33.5232449410318,-60.3174454958625
-33.4758683523604,-60.2874270636731
-33.3514852802661,-60.3139573529074
-33.3599587304228,-60.3000892882903
-33.3708479748,-60.2954116362263
-33.3630498059477,-60.2953990898749
-33.4010837029564,-60.2846972878391
-33.3487082868277,-60.231333927581
-33.422326147095,-60.2605874904382
-33.6605787290919,-59.8663408291494
-33.9314631330704,-59.7482330053997
-33.5965558617631,-59.8199792397796
-33.9050057189811,-59.8187532271261
-33.769589927701,-59.6383708591324
-33.6791252253366,-59.6668951027895
-33.8794559527188,-59.8753284459435
-35.0135125285778,-58.3865346894091
-35.010404143813,-58.4699705982043
-35.048692550243,-58.3145745868708
-34.6100370680434,-59.7504234207746
-34.7712617839883,-59.6879181821818
-37.1293125663244,-59.105380206456
-37.2823323375205,-59.3630004748452
-37.4029073074266,-59.5093354449092
-37.3238849060878,-59.1310691770429
-36.5774103919485,-60.1711185359919
-36.3573669882462,-60.0247443487218
-36.1215309084723,-59.6527146246682
-34.4104347356392,-58.6887919689512
-34.3717750147952,-58.6917925096496
-34.4869370480479,-58.6159410299812
-34.5035354582885,-58.6275286549289
-34.4713213368481,-58.6570301927479
-34.4523088119909,-58.6448936162046
-34.4425672031974,-58.6174364127772
-34.4563339674448,-58.6806670320976
-34.4097532043357,-58.6304827023614
-34.4266925110065,-58.5779717541318
-36.5208587437818,-57.3249371025508
-38.3352258409739,-62.6424099899733
-38.2028131038038,-61.7678925154653
-38.1366716139365,-61.7956860399239
-38.0989983131157,-62.2218091270044
-38.2867749310339,-62.2073117423093
-38.0568266332177,-62.0782618310425
-38.0795765714478,-61.9311383483155
-35.8580311359835,-62.5126328995628
-36.367451804132,-62.3569660936558
-36.1964811594442,-62.2245641400875
-36.2779720057322,-62.5453088654651
-35.9746951559846,-62.7323099655579
-36.4603092402658,-62.4871229040303
-38.8079580951783,-59.7382989446997
-38.7973744243016,-60.107623035402
-38.8586780962346,-60.0873319312173
-38.7227403438549,-60.4519655195991
-38.7081778337076,-60.2417246463467
-38.4926790060303,-60.4684232796744
-38.6855169253543,-59.7764287092023
-38.8970805514765,-60.343409791669
-38.6931705173547,-60.0141786926695
-38.3177365227324,-60.0258421214843
-38.3771785795114,-60.2755588939396
-38.3125817693893,-60.2324995777758
-34.608872950993,-58.5636644572416
-34.5589664800215,-58.6228016204112
-34.5961197253917,-58.5965998962097
-34.6326965166188,-58.5424067827037
-34.5564986200599,-58.622337837699
-34.6171528691842,-58.5342186326877
-34.5684066633166,-58.603081885803
-34.5852038063892,-58.5918755543704
-34.566314345456,-58.6183600679169
-34.5758246152249,-58.6202497472316
-34.5705752444729,-58.620118067161
-34.5992886088748,-58.5320796402641
-34.5991533496562,-58.5478835120962
-34.5822981982887,-58.5802932642206
-34.6083090753398,-58.5319718083201
-36.6102541131892,-62.9109612139671
-36.458109497037,-62.8621355091327
-35.7392169542026,-60.5590634621789
-35.8973453887603,-60.7316089512944
-35.2702340519789,-59.5575034078873
-35.1643973648093,-60.0813577815069
-35.4838272164734,-59.9880647932831
-35.2727788695321,-59.7719327250509
-35.2666085074294,-59.6306574695384
-35.7785028686085,-60.3546454811901
-35.6488128268597,-60.4672591673156
-35.4339385892588,-60.1731209454056
-34.5259149691463,-58.5357639427634
-34.5327432636609,-58.4910979599198
-34.5394223366496,-58.5148137943065
-34.4985433329471,-58.486582489457
-34.5272623078248,-58.5255060588714
-34.512161433984,-58.4985444232342
-34.525536745172,-58.4736495025234
-34.5287596487564,-58.5460242623901
-34.5525979527695,-58.5091432644227
-37.3366731576801,-57.032501468863
-37.3281312355181,-57.0399070097774
-37.2464704698501,-56.9707267624406
-38.7686560837266,-62.6025276771033
-39.3983952518232,-62.5711721088672
-38.8468445915571,-62.738741885831
-39.3758602632663,-62.6477900877351
-38.8942604188728,-63.1361581918897
-39.2590946793617,-62.6157889589915
-38.8293145512181,-62.6943321574343
-39.5007767274615,-62.6874317159849
-39.0580586668564,-62.5697137402023
-34.1275885141615,-59.0834596008166
-34.160933188334,-59.1125399836881
-34.0436335939636,-59.1973339595539
-34.0998630672257,-59.024557255152
-34.1263843372848,-59.020156759664
-34.1115306481926,-59.0483426856883
-32.1759165218621,-64.5765483175138
-32.26205146004,-64.5937253212731
-32.3679991604313,-64.6425223427633
-31.942027416529,-64.6165406145348
-32.149759071844,-64.5015914694579
-32.1695656120552,-64.7747710529989
-32.2065076875762,-64.4006226825819
-32.3034055718452,-64.4831089740345
-31.8969643877578,-64.7751589433589
-32.0954063583092,-64.3310535546374
-32.3893612457104,-64.5185923418535
-32.3211277679392,-64.2810080327514
-31.8568223164309,-64.3779521586489
-31.8582901636165,-64.3750577906576
-31.8582901636165,-64.3750577906576
-31.919856077953,-64.5755037073336
-32.2989441032587,-64.7254379234594
-32.0237443074993,-64.4641636844138
-32.5265595269976,-64.5869530802431
-31.9763155149128,-64.3733067164283
-32.1667856733263,-64.516397206098
-32.0700578177618,-64.537633731877
-32.0665951444652,-64.5791018557419
-32.0731573746398,-64.5447323761644
-32.0994512671733,-64.5337591760097
-32.1650425977053,-64.3784225873001
-31.8262216703829,-64.5197802668561
-31.9532611007669,-64.8132541353652
-32.1863928332037,-64.570452981186
-31.9052382568315,-64.7428823583405
-31.9118704947274,-64.5279613493097
-31.9091576117526,-64.5456887371347
-31.9091576117526,-64.5456887371347
-31.9091576117526,-64.5456887371347
-32.1696837164743,-64.4567952849232
-32.2542673612565,-64.5850039184628
-31.9808236449718,-64.5606191505919
-32.2667329359208,-64.5204928765463
-32.2384365356542,-64.5210498971139
-32.1893813417324,-64.4792063354191
-32.1037825310006,-64.7541028295247
-31.4138166206931,-64.1833384346292
-31.3686406343815,-64.0603031964104
-31.3961494977945,-64.0609143527134
-31.4177432635316,-64.189601351685
-31.058228127494,-64.2955793576311
-30.9594645513035,-64.2754165610863
-31.1980230004722,-64.2887924252949
-31.0864140054075,-64.3145341004157
-31.3429017095306,-64.3992718801553
-31.0172322466264,-64.066728610829
-31.2357859283773,-64.0672541009396
-31.0277849308523,-64.019045653731
-31.4435294401245,-63.9963793951592
-30.9890353478112,-64.3778448899044
-31.3015080091569,-64.2382229714889
-31.2982310728982,-64.2371416516445
-31.3055336354525,-64.2480169288216
-31.0817617139175,-64.2998324164847
-31.2735550500587,-64.0150545730464
-31.1341189126982,-64.1410056588479
-30.9811937384049,-64.095771286873
-31.3441541784042,-64.3368093736089
-31.3321162961153,-64.3336598560636
-31.3430963762885,-64.3302275470709
-31.3589143636745,-64.3650932467319
-31.0054374122172,-64.2616783510445
-31.3050726647191,-64.2625844071662
-31.1419300602666,-64.0402188172603
-31.240896079449,-64.2618872007094
-31.0167070305726,-64.225388080483
-31.3677025435362,-64.0503196448495
-31.2634679794013,-64.3038336466706
-31.3501106609981,-63.9996450992295
-31.2146356684786,-64.2768259906649
-31.1748535571499,-64.3096761754849
-31.3142696814132,-64.3129043036137
-31.1388344121698,-64.2906610433299
-31.1065564116392,-64.2971945109864
-31.1349269310989,-64.2873331074367
-31.2593058004875,-64.0753189644633
-31.1238790204144,-63.8923777817115
-31.2319725034056,-64.3177425598673
-31.2922067561376,-64.2950077746202
-31.0702139869894,-64.3197333591217
-31.3101307241869,-64.1805270805742
-31.3067152892491,-64.1703253616993
-31.3000754366056,-64.1767428650772
-31.306907347736,-64.1785314598263
-31.3075672143524,-64.1814827461648
-31.2957196524063,-64.1768685276575
-31.306907347736,-64.1785314598263
-31.2742571242585,-64.1641142793009
-31.2570227263756,-64.1651661967333
-31.2757010937435,-64.1626835394284
-30.5409658147192,-65.0384387721916
-30.8044357869451,-65.0436620185917
-30.8666932853441,-64.6829010647536
-31.0662466251544,-64.9425321672363
-30.7218592173102,-64.8077377312137
-30.6722100581192,-64.8699070292303
-30.7397207125925,-64.6484924752741
-30.4794131800612,-65.0597627738017
-30.7628592235779,-64.6459839334075
-30.4417646532675,-65.4238386532105
-31.0139548417914,-65.1020313666951
-30.9332479488458,-64.7189758691612
-30.6895900139602,-64.8508831281017
-30.5724823864554,-64.9410778222467
-30.6233104657952,-64.9515406139404
-30.7686835768001,-65.1864700189142
-30.7803420622583,-64.6468515131076
-30.6392026300348,-65.3813009621884
-30.7485284753417,-65.2375410689391
-30.852977256889,-64.9924997261449
-34.3760847098309,-64.4945399243505
-34.4964110409998,-64.8094621973323
-34.7223142041085,-63.508013061936
-34.8397251237332,-64.3724876795015
-34.7911820710534,-63.781208388865
-34.4803867338234,-64.1695033049234
-34.4382295005707,-64.3383707319069
-34.7703021224105,-63.67032307176
-34.8379291437488,-63.9155804696192
-34.8436937843761,-64.0987740916452
-34.514736598064,-63.941510935076
-34.8371817717375,-64.5833571665395
-34.1216195744231,-64.7240499364674
-34.3408530354994,-64.917844943457
-32.2019665986816,-63.1627861860009
-32.4889824965456,-63.4014794487713
-32.6613825801545,-63.2447973807791
-33.0772598274988,-63.275435286184
-32.9405157092885,-63.2472565147
-32.8014149822474,-63.2440045658431
-32.6155884790714,-63.4092352057166
-32.099694860079,-63.0325289648087
-32.3029687109385,-63.2328555816575
-32.5401979602741,-63.4762536378135
-32.7470044961114,-63.3411254262064
-32.527560043626,-63.2479616144958
-32.2506338091324,-62.931650118919
-32.6919271380136,-63.4353044375428
-32.2863739057236,-63.3540179546817
-32.4342175966013,-63.1844586471364
-32.4120836110321,-63.2499951238659
-32.4288251783807,-63.249359249877
-32.4343319670367,-63.2875591644345
-30.5946762022718,-64.2078393373412
-30.7759183214925,-64.2182971976615
-30.4687274606224,-64.6712287665168
-30.6113486219317,-64.5555688574614
-30.4229409365773,-64.3516697664768
-30.6016118281727,-64.9074033309966
-30.5154516695053,-64.2664449882016
-30.6020503748658,-64.8433653744314
-30.2159552214688,-64.5029777045333
-30.4541583004868,-64.4475688737827
-30.6569511707803,-64.18195908099
-30.2101157475483,-64.4775674155262
-33.3564514451723,-63.7205503922441
-33.6332962011646,-63.2259060913548
-33.0274173144801,-63.6719277875696
-32.9153142058652,-64.0256580552867
-33.0241677315378,-64.0458262411649
-33.6644787319553,-63.5392368036406
-32.8118910840567,-63.8736965709556
-32.7549291159098,-63.7850383518255
-33.6655227252595,-63.6372618363763
-33.4201679372505,-63.2969802619056
-33.400060095449,-63.4716515559202
-33.0434821211836,-63.9085957407616
-33.7600575092431,-63.4898589767857
-33.1704554487519,-64.0478670082552
-33.1767529632621,-63.2820358699256
-33.0334392795817,-63.5082571588932
-33.2014556304775,-63.8622207209792
-33.6076125942499,-62.6261405718946
-33.6411632781096,-62.402789011452
-33.123740825534,-62.0965954602144
-33.247202805036,-62.269738358968
-33.478334898944,-62.3393464555145
-33.2585411549016,-62.6081628269792
-33.3119180942558,-62.1807987939012
-32.8883679292315,-61.9347825911775
-33.2816219895104,-62.1854508942409
-33.0069947278727,-61.8109726038419
-33.1220171765357,-62.3037212558104
-32.7305115296671,-61.917138712509
-33.4617411292085,-62.4391434502619
-32.9438405235327,-62.2305487525417
-33.2401071501959,-62.404426547367
-32.658391411409,-62.299914625293
-32.9843826304567,-62.0237039883189
-32.6913099811557,-62.1057946726991
-32.9175280341379,-62.4576576002351
-32.406411636801,-62.1029831790036
-32.9331604883654,-62.3428774336317
-32.7487775757302,-62.3306744044274
-31.0381142705456,-65.2775888503175
-30.8017974058313,-65.6440521440399
-31.1242101609074,-65.2269002056273
-31.0975357099584,-65.3281875063158
-31.0350257440514,-65.3453122247049
-31.175590415787,-65.1017054267171
-31.2496924733149,-65.1672000423356
-30.9499425576932,-65.3099277411768
-31.4172820195639,-65.4453421341012
-31.3800076236386,-65.2899757237495
-31.3754115021879,-65.0386011461094
-31.3151616749444,-65.0910260595287
-31.3409519996631,-64.9131949666644
-31.3570289681593,-64.9764519289305
-31.3454000529726,-65.0801168738369
-31.4880894840309,-65.2830353856188
-34.0098324798955,-63.9225367502507
-33.9518611160055,-62.9744894136507
-34.1236122063832,-63.388646306069
-34.2040788458157,-62.9768889543714
-34.3483191246018,-63.4471714447308
-34.0511211181075,-63.7321532881296
-34.171790725852,-63.1534798469172
-34.5106395562101,-63.7132746964365
-34.4699818959404,-63.5375595280644
-34.297937327836,-63.2685397142969
-30.8375267087623,-64.5367004570805
-31.3123081567618,-64.4629696370028
-31.3214285741587,-64.4818703245544
-31.3266874438793,-64.4544689502096
-31.3931049014855,-64.5635652642982
-30.8563966713395,-64.526268881497
-31.1697129911083,-64.4776214321437
-30.7720869099195,-64.5441595530858
-31.240571224569,-64.4655312574209
-31.4787781890782,-64.5773466914484
-31.3842597063571,-64.517330819559
-31.0600927199176,-64.484304266589
-30.9792461523826,-64.4909087135044
-31.0919649906581,-64.4864417754562
-31.5182256602189,-64.5345928843013
-30.9269774865861,-64.5026123921004
-31.2976747453985,-64.5749813483232
-31.4668646402709,-64.5427634762868
-30.7949898871398,-64.5210978856737
-31.4782264688487,-64.5289350434399
-30.9199784063317,-64.5360036651851
-31.3496904364626,-64.4599293921174
-31.2703319860361,-64.4653357678432
-31.472446933222,-64.5651507693433
-31.3549072437345,-64.5909558305817
-31.1172888298585,-64.484252831532
-31.4182380208919,-64.4933448063141
-31.3864690388309,-64.6003659348122
-31.0362773938945,-64.4928899121054
-31.3740257221359,-64.4831122938584
-31.3457170881093,-64.4802571053108
-31.4791065590312,-64.562747406585
-31.279612799499,-64.5653436907589
-31.369322851246,-64.5205370832482
-33.1770175916926,-64.9944684969757
-33.631620222358,-64.0208372956378
-32.757065291399,-64.3378599293347
-32.6904036665231,-64.721171054893
-32.4528669215341,-64.3854404675021
-33.5032818212674,-64.6755735163666
-33.5563361347485,-65.0052699166312
-33.0089546768665,-64.1712493406755
-32.8495478948519,-64.3598591374051
-33.6230868735031,-64.5971033510391
-32.5720684109952,-64.3929518423935
-33.1868433713045,-64.7251129655857
-33.97859138783,-64.0842989461185
-33.2082959166527,-64.2584448995097
-33.2822486969948,-63.9758763865889
-32.8924933762193,-64.8435915248656
-33.0892422210207,-64.2868227686533
-32.5348511864127,-64.1052291964295
-33.2839463852241,-64.5781462257606
-33.4893410861497,-64.4320008051115
-33.636887956776,-63.8900068799972
-33.170068435327,-64.049630767807
-33.1242631220064,-64.3487377033754
-33.3845382952352,-64.7219849539761
-33.4978542515606,-64.3151828240087
-33.2059384521037,-64.4348164483493
-33.4394729739475,-64.8316610855999
-33.8188248224493,-64.4569327410668
-33.917235746816,-64.3902222715013
-32.893726660666,-64.8675140784316
-32.6651066386532,-64.741501810378
-33.8733676407196,-64.6886182213475
-30.9035316228673,-63.7055651181425
-31.4289242714312,-63.5870264507761
-31.4302065756542,-63.8321496909141
-30.7545707267715,-63.5682265940856
-31.1735851610445,-63.3375921895433
-31.0286404171341,-63.3402795519709
-31.1161396833417,-63.6017410478522
-31.017971601362,-63.6051650588702
-31.0772911263196,-63.7935627786301
-31.3701809412977,-63.5326025508152
-30.8925359716793,-63.0010662681495
-30.5653596004713,-63.5163053686029
-30.8926051154777,-63.2532712015227
-31.0622588456023,-63.1501281830965
-31.0882555128663,-63.2418444621471
-30.7594681012857,-63.2035027286926
-30.9074419738178,-63.532118614378
-30.9826026339688,-63.6017850424963
-31.3438538707604,-63.9457735584091
-30.7811924488335,-63.4130494343907
-31.2995844445842,-63.7591050718367
-30.9780514540426,-63.2596192028417
-31.1685485898925,-63.6075820921855
-31.3291838493004,-63.621866727412
-31.2897282303946,-63.445471703469
-31.1514772066717,-63.4015912555355
-30.8940088267342,-63.1159181990178
-30.0960599330651,-63.9287731727735
-30.0139606979963,-63.8503752152119
-29.9247226351086,-63.5889152129175
-29.7227092489555,-63.5149951918634
-30.1846537889428,-62.8301426342643
-29.802434071812,-63.6273622842684
-30.2390823848323,-63.4916854103812
-30.0742593288829,-63.8249818238142
-29.698228417088,-63.5610809474438
-30.1174756551011,-63.8438054710488
-30.1614462636479,-63.5934503863753
-29.8162963199276,-63.3548391354924
-29.9043583402484,-63.722318985926
-31.6679359912419,-63.2006870937546
-31.8633868408967,-63.278168375262
-31.5081678166164,-63.3421354529106
-31.8716468802323,-63.1165074420857
-31.964293093898,-63.3834011052136
-31.9175044736895,-63.5047159461534
-31.6470984739179,-63.7598955842163
-31.7965929244084,-63.6511207667299
-31.7783987221778,-63.8027369015332
-31.8313972998615,-63.4506364545889
-31.4021377541587,-63.3321030427196
-31.6468736294787,-63.344798299585
-31.8440585633394,-63.7460746070431
-31.7144720415401,-63.5118521462999
-31.912835805369,-63.6836820317482
-31.6804516863719,-63.8814979795567
-32.0194389864602,-62.9199182599484
-31.595385474428,-63.6155414282074
-31.650153972407,-63.9118630162229
-31.3871253007234,-63.4182078006181
-31.5540113344661,-63.5341489014562
-31.489683021508,-65.0566540377037
-31.7500816583302,-65.004300188015
-31.845848320458,-64.9560921756071
-31.668668399569,-65.37239422356
-31.8206855464004,-64.9717608825205
-31.6633718662216,-65.3190950145101
-31.8544494669466,-64.9870970596913
-31.9322689128265,-65.2330653421552
-31.7267843574619,-65.0055332639059
-31.4273241562001,-65.0756894821312
-31.795570031823,-65.0034036260171
-31.626892878253,-65.058665894714
-31.832529380563,-64.9856729137672
-31.6822276756771,-65.0255685400222
-31.8969863219692,-65.5246625976026
-31.9368244076607,-65.2192402223011
-31.8549846523947,-65.4304499825783
-31.9143833881487,-65.1687928322254
-31.6303406921333,-65.1483381584252
-31.7063690825109,-65.0191109777329
-31.9366572471396,-65.191796702404
-32.0788609958395,-65.2312586416728
-32.2779029026256,-65.0273777504727
-31.8716867538421,-64.992749639447
-31.8862653496977,-64.990651569992
-32.2172752387548,-65.0511157108409
-32.0660031804969,-65.0309086009182
-32.2996521283095,-65.0361512187387
-32.1066758248056,-65.063758957899
-32.2418447787663,-65.0340964238205
-31.9522279195169,-65.1014219744873
-32.2189295558758,-65.0285126897579
-31.9737899960039,-65.4376442516279
-31.9017353099654,-64.9900890034519
-31.9620954005051,-65.0383138664304
-32.1483422464594,-65.056618698571
-32.2570957550243,-65.0309211927709
-31.9074953420069,-65.0344580207268
-32.0266518585481,-65.027552227227
-31.9573259005881,-65.3152083482463
-31.9484733205417,-65.0550181621034
-31.9620894324618,-65.0677903537373
-31.951097322144,-65.0721507920682
-31.951097322144,-65.0721507920682
-31.9402016355042,-65.0211563854361
-31.9521742409328,-65.053914111613
-31.9440434116077,-65.1961395608591
-31.8727711509831,-65.0372746344972
-31.9387491680744,-62.4657945680095
-30.9563507625723,-62.3378881220879
-31.4193908735633,-63.0503444103203
-31.0107075696975,-62.6671044005114
-30.8665250177702,-62.0356522438995
-31.1438629464364,-62.2135862922774
-30.5273759974763,-62.114218229406
-31.2454066292387,-62.9256664887207
-31.2485066335845,-62.3639645596989
-31.6304966252155,-62.3663613505205
-31.528322298444,-62.7244933856141
-30.7836021597954,-61.9175643185455
-31.6057747904501,-62.4278882105043
-31.0529548297979,-62.235437860737
-30.8416242298498,-61.9558386203663
-31.403980918137,-62.3061393858824
-31.7412330671687,-62.8933443705701
-31.9672502352148,-62.3026285942112
-31.4039349300198,-62.9733657676524
-31.3845486215618,-62.8284737646901
-31.3047488843392,-62.1333023360613
-31.2071433242951,-62.1099182033011
-31.1647319320813,-62.0976333908888
-31.406437919327,-62.6343581010891
-30.9070545771133,-62.2154361817056
-31.2352452196552,-63.0599042713799
-31.801292158779,-62.6171047243489
-31.8731135581313,-62.7187948274612
-30.9945226321227,-62.8258401081139
-30.9145163516027,-62.6749183796469
-30.7107058083835,-62.0044437379159
-31.301747140591,-62.2291672872465
-31.3698057980989,-62.0980386090508
-31.0139211475279,-62.0633288002735
-31.5496022220548,-62.2257312576183
-31.6633035739729,-63.0453212093259
-31.4276088869788,-62.0866336146078
-31.7029319509565,-62.4840180855351
-30.9239726451413,-61.9737374276269
-31.1090401829574,-62.9876506224993
-31.4251109532295,-63.1954038579264
-31.3224689015774,-62.8144745758859
-31.4474037687006,-63.1940139744669
-31.6335474004986,-62.896766816574
-31.6576798267691,-64.4288214061936
-31.7231378713901,-64.4144863418681
-31.4426508165936,-64.3178623084579
-31.4406013293568,-64.3177468950882
-31.4661292884087,-64.3670949660514
-31.557666956067,-64.194465844878
-31.5854354142154,-64.3439770074277
-31.5292561486201,-64.1688666057858
-31.4637911559576,-64.4124514041777
-31.7247289371172,-64.3939272186065
-31.8170515932731,-64.2889894059973
-31.751852051978,-64.3627643049016
-31.6456181955204,-64.481617153406
-31.5345237877237,-64.4559553621678
-31.5854632680747,-64.4548814536225
-31.8034930461757,-64.418856525597
-31.8374172963205,-64.4336411746815
-31.5285694623422,-64.0712556356294
-31.7194206060414,-64.4779150030479
-31.4425579240341,-64.3484859265831
-31.7574675409558,-64.4486902777249
-31.7331340814564,-64.4564154524522
-31.5262509877113,-64.2847584167114
-31.5502925188794,-64.4334256167366
-31.5571765800385,-64.4028321480993
-31.6484545317081,-64.0899796115028
-31.4648051043666,-64.3584261973277
-31.4572735024583,-64.4057106148379
-31.9115749813288,-64.2399918461068
-31.7824159665775,-64.5424068778316
-31.6465373949134,-64.2584787728338
-31.7166546515515,-64.6265869046185
-31.435151387072,-64.4492154097951
-31.4364876977282,-64.4538955732489
-31.4723029527477,-64.4707945856239
-31.5300866657118,-64.1457832241514
-31.5560967583723,-64.0080543306962
-31.608213303048,-64.4403684727464
-31.7314776926852,-64.4129622125593
-31.7944839463173,-64.5122651994167
-31.7772193262534,-64.532077974826
-31.7932195162073,-64.5139255175446
-31.6179397578028,-64.3924925248834
-31.6174543235156,-64.391062873902
-31.6430306930417,-64.3453826897825
-31.7287879568356,-64.4324174982752
-31.7359598057037,-64.4389279396961
-31.5893075812486,-64.3536920462417
-31.5725913753684,-64.3341910295503
-31.5917319016207,-64.3503003378206
-31.8208264119355,-64.3935275639835
-31.4579361723038,-64.4217153267522
-31.4470577243833,-64.3660748415952
-30.0682250779624,-64.052875898278
-29.9138372593106,-64.1299817960277
-29.5775456904692,-64.1070996245776
-29.7882609409722,-63.9430703616826
-32.1934604986786,-64.2543871859511
-32.033345652856,-63.8628846933814
-32.0252572445237,-64.1931588929625
-32.6108732524704,-63.5798837158318
-32.3234295842043,-63.8704257430147
-32.4276148348373,-63.7330119093142
-32.1613056379775,-63.4651919500633
-32.5100979867632,-63.9290229356551
-32.6981884459632,-63.7083103176214
-32.045928188462,-63.2017981667251
-32.0413174021447,-63.5693820664827
-32.2416827296709,-63.6421868735368
-32.2507581145055,-63.6510140335346
-32.5754281748334,-63.8101580899516
-32.173100971278,-64.1130560562283
-32.2402070251544,-63.9799466045503
-32.1643583032298,-63.892558867184
-30.8392305968427,-63.8008465946487
-30.7370875150032,-63.723661877713
-30.5729640848008,-63.6517416910945
-30.943220474797,-64.2765349210302
-30.5617525961006,-64.0019842072006
-30.6259742943516,-63.886727301445
-30.8726236468488,-64.2313503284229
-30.7741941000543,-64.1089868115808
-30.4752563998131,-63.9850395218446
-30.9428574787407,-64.0884974374818
-30.7038437425366,-64.0682991778579
-30.1681571983317,-63.9295889316832
-30.176079345889,-63.8679636143828
-29.7574368770199,-64.5298988550679
-30.3812826841011,-63.5966635615372
-29.8063717196573,-64.7065412644276
-30.4293369124895,-63.4478615181188
-30.3546018393412,-63.9466529209876
-30.0090773891027,-64.6251344233407
-30.0887589979373,-64.1559536726827
-30.397481563929,-64.1231771567642
-33.6948816087071,-62.9114758842793
-32.3460951978736,-62.8853485991764
-32.3908244034289,-63.0574835050696
-32.5453815879853,-62.9833005213374
-32.5885971215357,-63.027038782482
-32.6285600750708,-62.6891149083321
-33.5901195408333,-62.7303890735446
-33.562382718352,-62.8855974037259
-32.3325969254244,-62.5135995097258
-32.3081476332499,-62.6531184151953
-33.3003017093034,-62.7132986409449
-33.4634972191589,-62.7323851196295
-32.813142666622,-63.0329101219103
-32.883580112369,-62.6802767037884
-33.1529891830182,-62.8560737781526
-32.6112897765277,-62.5903410387947
-33.2045620901114,-62.601248151355
-32.5936423075986,-62.8360084604177
-32.3667416426436,-62.312071766995
-32.8412715334934,-62.866054921116
-33.1249872931372,-63.0426957377869
-33.880722767451,-62.8407250305139
-32.4911089118919,-63.1028075144056
-32.2128605395629,-62.6330068495678
-32.6303275526998,-62.4819712615844
-33.5383254710795,-63.0479276785208
-33.7470669728167,-63.0989062265371
-32.763745038404,-62.7277954886855
-33.1720228484368,-62.7700003268955
-37.1521838816608,-64.0140550927574
-37.1369555361687,-63.667141835534
-36.8538749058938,-63.6881846143541
-37.166824214775,-63.4171582009534
-36.8406606874148,-63.5205021645149
-38.9630526765691,-63.8608882456791
-38.9739618507806,-64.0893166949512
-36.527922625355,-64.010555897973
-36.61828979857,-64.2916770389461
-36.4077407331528,-63.4231236479695
-36.5079177159884,-63.7444083139952
-36.4676263417811,-63.6237223449231
-36.5077574745038,-63.8626307655783
-35.9994878462166,-64.5959233383525
-35.916589710926,-64.2945868368038
-36.2106631640542,-64.0335412257945
-35.8617464058389,-64.1569675208376
-36.0429376779565,-64.8353214769324
-36.2272741396174,-64.2348767956417
-38.7413407663938,-66.4360653362481
-38.1437722310811,-65.9102790812435
-36.2298585551973,-66.9416696902043
-35.0240766140268,-63.5814786778188
-35.2904849982905,-63.77586064487
-35.0223098759754,-63.9123145859878
-35.2368693365619,-63.5923274522769
-35.0246923056998,-63.686962377693
-35.4262411079929,-63.9063646669037
-36.4011467185658,-67.1484015946157
-36.3500276379509,-68.0141950027482
-37.3758811926005,-63.7738735909085
-37.4589894326191,-63.5872408548874
-37.6669652272263,-63.5415367289386
-37.6623849438401,-64.1373213494442
-37.5749339058948,-63.4328864695669
-37.8943313295474,-63.8515025914131
-37.9020681912485,-63.7450793526802
-37.9785301335454,-63.6065854529977
-37.7849629183535,-64.0306677804584
-38.0837587172211,-63.4321816643775
-38.3336784745408,-64.6422526958764
-37.5520049423349,-66.2268538972728
-37.1597120530545,-66.6745400356471
-36.47556498406,-65.3429160249895
-36.1887459763907,-65.2899702728719
-36.2016818772905,-65.0972782402489
-36.2640564040186,-65.5097731802402
-36.2048593679219,-65.4403752727095
-35.7811018772957,-63.3932493460357
-35.7763229509013,-63.716840693317
-35.6633805937206,-63.760929267739
-35.547293621716,-63.8200403343494
-35.5855840986961,-63.5887521403772
-38.2230515311115,-67.1709263654639
-37.3400655492209,-67.6218500509991
-37.7697053748681,-67.7172958236186
-36.1513889624763,-63.8541959060258
-36.1170514464671,-63.9040708614432
-36.1549581794141,-63.5121543730908
-36.053677480752,-63.5632432919433
-36.2573837868412,-63.4481302030919
-36.0757513459043,-63.8875837941037
-35.5928646334622,-64.5586842581366
-35.7014889174834,-65.1025535202338
-35.671688678266,-64.940569826581
-35.1462930750947,-64.5006491231723
-35.6473423932767,-64.7695280662632
-35.0548439319726,-64.5213693396743
-35.0661985558406,-64.683114985952
-35.0179130302315,-64.035117861781
-35.3338595551664,-64.1182405361085
-35.0415558502239,-64.3847126106129
-35.3861854808904,-64.2836857257322
-35.1890814426625,-64.1038732251149
-35.3837504384968,-64.4685685991593
-35.3068277686526,-64.0054725550363
-35.0368857536117,-64.2454209673953
-36.7473961516096,-64.3673907018325
-36.9283865222889,-64.3952508587586
-36.6751577652887,-64.3803253806581
-35.6381231858073,-64.3574125644643
-35.7732438729278,-63.9428308886673
-35.6941743318846,-64.1358999676104
-37.0323315728651,-64.2865724433513
-37.3318147762102,-65.650772794634
-37.4952435783299,-64.2248805481774
-37.373672668717,-64.6038964711256
-37.1212005028742,-64.5133661628312
-37.5439767222425,-64.3525554864311
-32.7846557002825,-61.605481877095
-32.4247998561473,-61.8903345863257
-32.6826842550048,-61.5185798347876
-32.4785768176046,-61.5748036822531
-32.567997020224,-61.7680762352029
-32.7482982621557,-61.8203359267394
-33.1483008378636,-61.4713349349693
-33.0911311154911,-61.7917113876172
-33.3414152210784,-61.8622809808056
-33.3761183026397,-61.185501310201
-33.0424955546762,-61.1693311184421
-33.2470674643201,-61.3575935561826
-33.3258409849243,-62.0386496702618
-33.402405547162,-61.8449306727075
-33.1054899954916,-61.3265015329286
-33.1430061971604,-61.6066128669784
-33.3769918276119,-61.7121943064881
-33.1140485294151,-61.703312346428
-33.1477729818051,-61.2778572887319
-33.3503085722913,-61.4460374000461
-30.9823474545911,-61.7439869348366
-31.5526328296108,-61.5462650173096
-30.9981187823937,-61.4325186889204
-31.4236023757354,-61.4244708809147
-31.4192515021464,-62.059146376237
-31.2731232182116,-61.9448854961658
-31.2839795053037,-61.409342518123
-31.2085396563705,-61.7255955564221
-30.855781133807,-61.8509147420168
-31.4338497252165,-61.8417021711297
-31.6868334221829,-61.6492968757313
-30.8392235567556,-61.4897111638226
-31.176158616875,-61.9194620018005
-31.097624747292,-61.6283124096055
-31.6178586482318,-61.9329258733186
-31.52416914925,-61.7206457133884
-31.3174603823906,-61.6940034650798
-30.9476135702694,-61.8577735272139
-31.5777448514157,-61.7836661825715
-31.4313990849769,-62.0634917387843
-31.652027726261,-61.8053907511433
-30.8702088524931,-61.3485902390711
-31.4079691369305,-61.9921847239399
-31.1272471029986,-61.4529569120506
-31.676627573626,-61.7536009774385
-31.1189046819859,-61.5151982929847
-31.4545505198837,-61.7074756228147
-31.3251049515902,-61.6777373324018
-31.2319180453244,-61.6101076012158
-31.2296979058147,-61.6101036240639
-31.0409745475723,-61.8898826370338
-31.2482482413205,-61.4998117939868
-31.0937041766842,-61.9032318673573
-31.2128134181244,-61.7257200007794
-31.6999505604131,-61.5688417180763
-31.337359049521,-61.8181783780784
-30.9468555127161,-61.5612504315515
-31.3575963913649,-61.5164389963223
-30.8481071493852,-61.5924018154956
-31.1923707919053,-61.8336140985666
-31.4418599622731,-62.0297169711427
-31.3391346339244,-61.622588386296
-30.7402529602428,-61.3409665931228
-31.5643972137494,-61.898425060781
-33.5401979791092,-61.1246337163915
-33.2860666179194,-60.2720977056001
-33.255594638469,-60.3897758707887
-33.4600615218579,-61.3189324391797
-33.5174175561246,-60.6132968867711
-33.3984208661427,-60.6241114199013
-33.2628625471248,-60.3804644639294
-33.441023527734,-61.473143421839
-33.6018434911159,-60.5989383522422
-33.3697098731789,-60.5094130215383
-33.496020689866,-60.5122133295946
-33.71761494002,-61.0500179215707
-33.3596257970974,-60.6584568664422
-33.4851439474937,-60.9567885809825
-33.2430754805422,-60.4062757935089
-33.3134173933438,-60.8249758944661
-33.5411378598405,-60.804329558703
-33.335855095367,-60.4608740548372
-33.4385471621789,-60.7911542772276
-33.4330128597835,-60.6301906902003
-33.4178567628002,-60.5572137324943
-33.3122172562755,-60.3120513587534
-33.2324133911798,-60.3324988273466
-31.2023253009306,-60.1614504193394
-31.0992706781177,-60.0881512872483
-31.4956365531425,-60.4286467714748
-30.9229849971234,-60.0481154588667
-31.422365592266,-60.3348940800468
-34.3345323396045,-62.3748007656351
-34.136118440775,-62.4229084851079
-33.4414158758935,-62.0868714692657
-33.4103440716357,-61.6070433975613
-33.7327788629688,-61.7609271479418
-33.5982834566103,-61.3117684362059
-33.8005299368969,-61.7440181936851
-33.6007825133126,-61.6046646604986
-34.1846191181657,-62.0235323680591
-34.3743429234538,-62.1289273623308
-33.7016560168056,-61.6163727056605
-33.4580496833225,-61.4914525089409
-33.8028556653324,-61.3358033222625
-33.5446704008322,-61.9736324283312
-33.7196527453715,-61.3149208168028
-34.1663295663381,-62.428038027595
-33.7244236308417,-62.2478391856324
-34.0062849828557,-61.900439675435
-33.6619144262235,-61.4576887408087
-33.5299502620402,-61.4662068731284
-33.6428623685969,-61.8577974691015
-34.2636098414032,-62.7117038844931
-33.8723970130663,-62.0917158307714
-33.5905400040189,-62.1244693933144
-34.3265186547551,-62.0379529693876
-34.0095285599362,-62.2424503438155
-33.8894892658382,-61.6965906556385
-34.1916130913817,-61.5272264570788
-33.747315292187,-61.9695358692001
-34.0061339956012,-61.6063880455097
-33.7942942799185,-61.2114409469748
-28.7250869970621,-59.4804164807602
-29.1193659780886,-59.6592512444638
-29.2752681077911,-59.8472221836471
-29.1334936783763,-59.9473145917686
-28.2302084157377,-59.2639844821107
-28.0427359947317,-59.2187469070082
-28.9453022044499,-59.5634151929235
-28.759813885955,-59.5772324985847
-28.493935731005,-59.2950745667521
-28.9728525913241,-59.8484991818248
-28.8429706211446,-59.6379287718138
-28.8490101824631,-59.5005781021303
-28.3540749299597,-59.2595521000375
-29.3701211027814,-59.7378677770758
-29.3506755184496,-59.9705883109423
-28.8716623885107,-59.86560439575
-29.2349873699001,-59.5802691789886
-29.1451468389264,-59.6510730563582
-28.3823470938865,-59.2645742897512
-28.4202062467088,-59.2556740044459
-28.4933207178133,-59.6141214862397
-28.2450754331528,-59.4547598305134
-28.4904509578913,-59.3587641281681
-32.6103776107001,-61.3244409322018
-32.7399961772877,-61.2915869736645
-32.8166867292145,-61.3899661468272
-32.5112871642714,-61.0305147885477
-32.4634203095763,-61.2910434085442
-32.5988903254118,-61.3767121670301
-32.8494610803638,-61.2545569082818
-32.5539810535705,-61.2197995428986
-32.7147297231149,-61.0226073568773
-32.5758215248523,-60.8553515331513
-32.6717914164971,-60.8761806736397
-32.6680220468782,-61.0890486524519
-32.6055740792488,-60.9481762653391
-32.5863515505869,-61.1673292562769
-32.9643241574442,-61.5478333256653
-32.633431229414,-60.8208776739619
-32.6413858836004,-60.8234183677953
-31.5551884917333,-60.6783108244693
-31.4322203707863,-60.6676588774069
-31.5577005393669,-60.5166665613111
-31.5644326802115,-60.414954582383
-31.1039907773825,-60.7271526484511
-31.2410698890417,-60.531189241674
-31.3995244031815,-60.7491149288676
-31.0610951750412,-60.7464379477764
-31.3092619266382,-60.6607816085928
-31.1862574038904,-60.7484785939749
-31.5184864327594,-60.6780997937426
-31.2670754515365,-60.7621355398529
-31.567299963712,-60.6617466185791
-31.5177974435199,-60.6115160069236
-31.4935807560402,-60.735411088708
-31.5286179375841,-60.4756662346225
-31.6061471114691,-60.569631684875
-31.645164805431,-60.7093147118987
-31.6648423299398,-60.7626399841519
-31.7630683465248,-60.8898606108667
-31.7077603088951,-60.7883380397856
-31.3738964582973,-60.664717579411
-31.3666330323604,-61.0172254853249
-31.2053110846326,-60.9314003415917
-30.6980797094538,-61.0487593646417
-31.5487780871674,-60.8127223355579
-31.4505966144136,-60.9310068119638
-31.246393987915,-61.2128816673977
-31.5888736174502,-60.9388945830321
-31.2705026899597,-61.0727542695818
-31.1282518725208,-61.0327676754247
-31.4009210645041,-61.0825515659905
-30.7370340516557,-60.9759511253175
-30.8679477693336,-60.9718116807155
-31.5722370638803,-60.9959287992772
-31.0126440481519,-60.9114327492504
-31.7932160880623,-60.9818059784844
-31.3468823835409,-61.235725734005
-31.442015817123,-61.2600249614063
-31.7974834888763,-61.0111678232689
-31.1397689545802,-60.990254156931
-30.9845868369063,-61.0218281498813
-31.5721513951563,-61.3782231110791
-31.6847778866246,-60.9413147450231
-31.7284179989089,-61.0913957859145
-31.6743105766747,-61.0762585195433
-31.7575954064363,-61.1007514980914
-31.6112124759047,-61.1425180717315
-31.5545316682675,-61.078514153956
-31.6702105890861,-61.3480211476449
-31.7657963305203,-61.3210236384566
-31.1222768363914,-60.8888854567848
-31.0606024884219,-61.167889729979
-29.7726717957721,-61.4881512346811
-28.0245785095892,-61.1879373297868
-28.2296230607257,-61.5297529930521
-29.5042812797874,-61.6967327802837
-29.6678698226711,-61.867108287483
-28.9399423031181,-61.7055999743386
-28.6300342810186,-61.5069219893981
-28.3149549140447,-61.550329937355
-29.2344732488739,-61.7719824163622
-28.6247095403571,-61.6279859869967
-33.2436505576999,-60.837195481459
-33.2413031665306,-60.6365751407418
-33.1306253585247,-60.8039626859935
-33.0614584695641,-60.6159765613734
-33.0919516648506,-60.6993159324653
-33.2658615254501,-60.9669188397385
-33.1560225761175,-60.5101308080247
-33.2376879120566,-60.8118679160701
-33.3175115859048,-60.6036347878573
-33.1854760061025,-60.7228633313771
-33.2466228889596,-60.7649740219949
-33.1288733975401,-60.7130394393533
-33.1950187794417,-60.4706038463519
-32.922782783063,-60.8121802825957
-33.1121588884353,-60.5665737837063
-32.8613641656775,-60.7062159770827
-32.8512561304404,-60.7884936646076
-33.060584803082,-60.6856440118334
-33.0915734104105,-60.7354254261055
-33.0800073993365,-60.6355226681116
-32.99881116903,-60.7721592101064
-33.1112071010784,-60.7964961630631
-33.0730969403696,-60.5789195429283
-33.1744833504332,-60.8971398400989
-33.2645299958204,-60.7083345859989
-33.1315113496399,-60.5078884705177
-32.9538142575214,-60.6515379354516
-33.0239868445344,-60.7561883192345
-33.1771929125315,-60.6677297311463
-33.1271769621356,-60.7090282248961
-33.0224078611601,-60.6336422555152
-33.0215698285974,-60.879303488531
-30.1093090599224,-60.9437539322397
-30.016999568893,-61.5765785011442
-30.2341495301456,-61.7285807001253
-29.9827373481556,-61.2428659094376
-30.4615028173869,-61.2722735128607
-29.8823371283479,-61.9452374270961
-30.1449998391803,-61.9147917462344
-30.6691245233432,-61.7896030300364
-30.3022785889636,-61.9844913702309
-30.664633909429,-61.3207552160733
-30.397911889967,-61.6518044215673
-30.0056765366847,-61.8396467676821
-30.0136747533996,-61.2192947646911
-30.0876438007142,-61.1797070550573
-30.4196635334388,-61.0033073134897
-30.1113966728017,-61.7927608545145
-29.8953127955717,-61.2911992453769
-30.6326345828984,-61.6277233886562
-30.7182008702613,-61.469140085345
-30.4901359922347,-61.6348224695165
-30.37245992257,-61.1326015812096
-30.7106694051354,-61.6236952048733
-30.311687011314,-61.2386444593771
-30.3602098529676,-61.9178272634037
-30.1866452738191,-61.178528021881
-30.6225538384456,-60.9166112630514
-30.5361453460922,-61.9616805839765
-30.5427027882285,-60.7477102618236
-30.2176460355738,-61.877568026694
-29.9103566747475,-59.8281612200693
-30.6581364074941,-60.2307356488107
-29.5607537201086,-59.9270693537131
-30.4477825105448,-60.1409356882605
-29.5018294527814,-59.7485934535059
-30.5822068409869,-59.9313985183809
-32.0800271942926,-60.9770049639573
-32.3349560866515,-60.8760522539552
-32.2366357816462,-60.9827401330363
-31.8320800807618,-60.8719647067245
-32.1313356998216,-60.9282685049176
-32.1709306189148,-61.1572748282837
-32.2638306241466,-61.1261488657874
-32.298023717348,-61.4107241466286
-31.975646712145,-60.9201341188126
-31.8727393656094,-60.8896993521491
-32.3750588242506,-61.091442512126
-32.4343760818819,-60.8185390941723
-32.0326455920318,-61.2199610274248
-31.8770449531764,-61.1288367653984
-32.16077341012,-61.1104258428642
-31.9361305275575,-61.0477166860408
-31.9614431890621,-61.1783800456556
-31.9069668930749,-61.2799295377437
-32.4587652553057,-60.8931126475643
-32.358735658961,-60.9429043010117
-32.2447218281238,-60.9239839784214
-32.0768953861827,-61.1174234926527
-32.1383718722873,-60.9832660246346
-32.3735383941398,-61.3606569211003
-32.3658073636946,-61.3401798286706
-30.8575177090903,-60.6486098681792
-31.1150071573313,-60.5814003944463
-30.3836825866932,-60.3307254883154
-31.0434861128335,-60.6448661369776
-30.3648346894928,-60.4011684048308
-30.2261579523496,-60.3664968225823
-30.3484964424709,-60.5217853393141
-30.5819493055119,-60.4693860436357
-30.951076187335,-60.4682102211441
-30.0384743425904,-60.3152431288441
-30.6758153384973,-60.4995553794067
-30.8905395009228,-60.5751464890853
-30.7908665162845,-60.5940368250334
-30.3493004076432,-60.3040548934806
-30.4486399849806,-60.430070013139
-30.1436425790617,-60.3373530550458
-30.9465032627862,-60.6564412400796
-32.7069853236032,-60.8179518202362
-32.8282349449349,-60.7168207550494
-32.8588281760163,-61.1523502197425
-33.1066175391399,-60.9665015588484
-32.7855581880336,-60.7291236444004
-33.1744416497872,-61.0750536976089
-32.784870422621,-60.9076379614075
-32.7190025958741,-60.7334925388318
-33.0195733543103,-61.0438316490822
-32.7736805491372,-60.786927658223
-32.9023879302416,-60.9108827950649
-32.8787353332163,-61.0243903952404
-32.7523069549362,-60.7356209815072
-32.6696252682834,-60.7943548240758
-32.6429185717722,-60.8177095118801
-33.3139349307156,-61.0570695285482
-32.0562934036888,-61.6025429947826
-32.0526642372536,-61.78894991246
-32.1279976039457,-61.5421282200809
-31.6691692674795,-62.0899867120516
-31.9118940838345,-61.4023835358505
-31.7417252131656,-62.0378765362955
-32.2030242455008,-61.7028944914559
-32.0138147005941,-62.0611771301989
-32.1991899646564,-61.4927940449511
-31.8247278111096,-62.1089907898346
-32.3243031135987,-61.6321111218833
-32.2654856687264,-61.9010253248989
-32.1458665241358,-61.9811202181808
-31.898003817155,-61.8603287777206
-31.8596737471682,-61.5702157763693
-31.7695325241636,-61.8294529565696
-31.9225991219581,-61.7024471962412
-31.9469900287545,-61.4025551450022
-29.8905436040639,-60.285737676357
-28.31083042196,-59.9837166450891
-28.7658190432744,-60.0880421430925
-29.0560211845387,-60.4143945851651
-28.9553447407242,-60.1384384332405
-28.5588709585467,-60.0251919319472
-28.6779253668564,-60.0724684333926
-28.8247510907656,-60.2256036446499
-29.5854889982809,-60.3799393729758
-28.1063721680455,-59.9786648326772
-29.6910879587641,-60.2524652684442
-29.1097652045099,-60.2391297738451
-28.9451306017322,-60.2520035726174
-29.2838158063585,-60.4038564051536
-28.6722104503175,-59.8468195282736
-29.2675884279209,-60.1726559005792
-29.4629204507651,-60.2133477841634
-37.1774801030509,-62.7578962604015
-37.4486186469627,-63.117609405389
-37.3173292631958,-63.2331690622102
-37.3563345638716,-62.4387637810214
-37.4544378016288,-63.2565950033782
-36.6613400852941,-63.3661281675236
-36.7999468137731,-63.3385151506224
-37.1583546113813,-63.2442194943605
-37.4600992847959,-63.2405658599852
-36.9884309445004,-63.133808887439
-38.0333995087596,-60.1003341740637
-37.9635021758562,-60.415659383962
-37.8233871716044,-60.484639770555
-38.1766861391835,-60.1708487303777